{
  "stats_A": {
    "name": "Regime A (HITL)",
    "mean": 50735508.85950461,
    "median": 32126361.319749884,
    "p95": 158137931.84090087,
    "p99": 287434666.94269025,
    "std": 59759340.21251028,
    "min": 115902.77600936282,
    "max": 1288142160.438249
  },
  "stats_B": {
    "name": "Regime B (Passive SC)",
    "mean": 7972754.370644599,
    "median": 5350345.643974769,
    "p95": 23749511.717594806,
    "p99": 41794742.20345968,
    "std": 8599036.934839703,
    "min": 35465.44297302718,
    "max": 170006324.72152537
  },
  "stats_C": {
    "name": "Regime C (ACG)",
    "mean": 1528.5854493261409,
    "median": 1028.8253096950052,
    "p95": 4494.378466636199,
    "p99": 8080.356449242775,
    "std": 1642.8919061965066,
    "min": 10.27216199126448,
    "max": 38212.96220331437
  },
  "N": 50000,
  "params": {
    "V_mean": 100,
    "V_std": 15,
    "P_mean": 850,
    "bias_mean": 0.22,
    "Td_A_range": [
      120,
      4320
    ],
    "Tm_A_range": [
      60,
      480
    ],
    "Td_B_range": [
      30,
      480
    ],
    "Tm_B_range": [
      30,
      240
    ],
    "Td_C_range_sec": [
      1.8,
      7.2
    ]
  }
}